運行日区分,改正日,ページ番号,列番号,列車番号,運行種別,行先,名鉄名古屋 着,名鉄名古屋 発,金山 着,金山 発,鳴海 着,鳴海 発,有松 着,備考
平日,2026/3/14,1,1,510,急行,豊橋,0,0,0,0,0,0,0,閻
平日,2026/3/14,1,2,580,普通,囲,0,0,0,0,0,0,0,國
平日,2026/3/14,1,3,512,急行,豊橋,0,0,0,0,0,0,0,閻
平日,2026/3/14,1,4,582,普通,和,0,0,0,0,0,0,0,閻
平日,2026/3/14,1,5,514,混思,豊橋,0,0,0,0,0,0541,0543,東岡崎から急行
平日,2026/3/14,1,6,680,普通,和,0,0,0,0,0,0,0,閻
平日,2026/3/14,1,7,532P,る術,中部国際空港,0521,0522,0526,0527,0,0,0,閻
平日,2026/3/14,1,8,550,普通,和,0,0,0,0537,0552,0555,0559,閻
平日,2026/3/14,1,9,500E,`快急,中部国際空港,0534,0535,0539,0540,0,0,0,閻
平日,2026/3/14,1,10,516,津急,豊橋,0538,0539,0542,0543,0554,0554,0557,東岡崎から急行
平日,2026/3/14,1,11,610,急行,豊橋,0,0,0,0,0,0,0,閻
平日,2026/3/14,1,12,552,普通,和,0548,0548,0553,0554,0609,0610,0613,閻
平日,2026/3/14,1,13,560G,普通,中部国際空港,0551,0551,0556,0557,0,0,0,閻
平日,2026/3/14,1,14,612,混思,豊橋,0604,0604,0608,0609,0619,0623,0625,東岡崎から急行
平日,2026/3/14,1,15,,特急,豊橋,0,0607,0611,0612,0,0,0,一部特別車
平日,2026/3/14,1,16,690,普通,東岡崎,0609,0609,0614,0615,0630,0631,0635,閻
平日,2026/3/14,1,17,620C,普通,知多半田,0614,0614,0620,0621,0,0,0,須ケロから準急名古屋から智通
平日,2026/3/14,1,18,614,る行,豊橋,0616,0618,0622,0623,0635,0636,0,一部特別車
平日,2026/3/14,1,19,780,普通,体,0,0,0,0,0,0,0,閻
平日,2026/3/14,1,20,660,,東岡崎,0,0620,0625,0626,0642,0643,0647,閻
平日,2026/3/14,2,1,4,S,中部国際空港,0626,6227,0631,6332,0,0,0,全車特別車
平日,2026/3/14,2,2,600A,快急`,河和,0632,0633,0637,0638,0,0,0,閻
平日,2026/3/14,2,3,674,急行,豊川稲荷,0635,6335,0639,6410,0650,0651,0,一部特別車
平日,2026/3/14,2,4,640G,思行,中部国際空港,0637,0633,0642,⑥④①⑧③,0,0,0,名古屋から商通
平日,2026/3/14,2,5,,特急,豊橋,0639,6441,0645,0646,0,0,0,一部特別車
平日,2026/3/14,2,6,782,普通,和,0,0,0,0,0,0,0,閻
平日,2026/3/14,2,7,694,普通,東岡崎,0,6413,0648,6449,0706,0009,0713,閻
平日,2026/3/14,2,8,65OF,普通,中部国際空港,0644,0645,0649,0650,0,0,0,名吉屋から塔急
平日,2026/3/14,2,9,64,特急,豊橋,0649,0649,0653,0654,0703,0704,0,一部特別車
平日,2026/3/14,2,10,642,る行,和,6551,0651,0655,6556,0707,0708,0710,名古屋から準急東岡崎から急行
平日,2026/3/14,2,11,622,普通,東岡崎,0655,6556,0701,0702,0723,0728,0732,須ケロから準急名古屋から智通
平日,2026/3/14,2,12,624E,急行,中部国際空港,0657,0659,0703,0704,0,0,0,名吉屋から快急
平日,2026/3/14,2,13,652,普通,須ケロ,0,0,0,0,0,0,0,閻
平日,2026/3/14,2,14,70,特思,豊橋,0700,7001,0705,0706,0,0,0,一部特別車
平日,2026/3/14,2,15,784,普通,豊川稲荷,0,0,0,0,0,0,0,
平日,2026/3/14,2,16,654,普通,須ケロ,0,0,0,0,0,0,0,閻
平日,2026/3/14,2,17,770,急行,和,0702,0703,0707,0708,0720,0721,0723,亨岡崎から塗急
平日,2026/3/14,2,18,740F,普通,中部国際空港,0705,0706,0710,①,0,0,0,名吉屋から急行
平日,2026/3/14,2,19,742,湯思,和,0709,0710,0714,0715,0726,0726,0729,新享城から普通
平日,2026/3/14,2,20,790,普通,東岡崎,0712,0113,0717,⑦⑧,0738,0747,0751,閻
平日,2026/3/14,3,1,772,急行,吉良団,0714,【A⑮,0720,0721,0733,0736,0,新安城から普通
平日,2026/3/14,3,2,700B,`快急,`神和,0716,0717,0721,0722,0,0,0,名吉屋から準急
平日,2026/3/14,3,3,,特急,豊橋,0721,0721,0725,0726,0,0,0,一部特別車
平日,2026/3/14,3,4,744,湯思,健,0724,0724,0728,0729,0740,0741,0,名吉屋から急行新安城から準急
平日,2026/3/14,3,5,702,`快急,吉良木田,0728,0729,0734,0785,0752,0755,0,名古屋から智通鳴海から急行
平日,2026/3/14,3,6,656,普通,ャョ,0,0,0,0,0,0,0,閻
平日,2026/3/14,3,7,,特急,豊橋,0731,0732,0736,0737,0,0,0,一部特別車
平日,2026/3/14,3,8,792,普通,豊橋,0734,0734,0739,0740,0753,0754,0,名古屋から急行
平日,2026/3/14,3,9,750,普通,e,0,0,0,0,0,0759,0803,閻
平日,2026/3/14,3,10,760,普通,e,0738,0739,0744,0745,0804,0807,0811,閻
平日,2026/3/14,3,11,704F,`快急,中部国際空港,0740,0741,0746,0747,0,0,0,名吉屋から急行
平日,2026/3/14,3,12,658,普通,彫ョ,0,0,0,0,0,0,0,閻
平日,2026/3/14,3,13,,特怜,豊橋,0743,0744,0747,0749,0,0,0,一部特別車
平日,2026/3/14,3,14,880,普通,和,0,0,0,0,0,0,0,閻
平日,2026/3/14,3,15,778,急行,国府,0745,0746,0750,0751,0805,0806,0,新安城から琶急
平日,2026/3/14,3,16,746,準急,神宮前,0747,0748,0753,0754,0,0,0,名古屋から商通
平日,2026/3/14,3,17,276,特急,河和,0751,0752,0757,0758,0,0,0,一部特別車
平日,2026/3/14,3,18,762,普通,東岡崎,0753,0754,0759,0800,0822,0829,0834,閻
平日,2026/3/14,3,19,794,普通,o,0755,0756,0801,0802,0817,0817,0821,名古屋から急行鳴海から暁通
平日,2026/3/14,3,20,7O6E,`快急`,中部国際空港,0758,0759,0803,0804,0,0,0,閻
平日,2026/3/14,4,1,752,,宇d,0,0,0,0,0,0,0,閻
平日,2026/3/14,4,2,,特急,豊橋,0800,0801,0805,0806,0815,0815,0,一部特別車
平日,2026/3/14,4,3,870,急行,東岡崎,0802,8003,0807,8009,0819,0820,0823,名古屋から準急新安城から智通
平日,2026/3/14,4,4,840A,準急,内海,0805,8005,0810,0812,0,0,0,名吉屋から急行
平日,2026/3/14,4,5,800,快急`,豊橋,0807,0808,0812,0814,0828,0828,0,名吉屋から急行
平日,2026/3/14,4,6,,特急,豊橋,0811,0812,0816,0817,0,0,0,一部特別車
平日,2026/3/14,4,7,882,普通,呑,0,0,0,0,0,0,0,閻
平日,2026/3/14,4,8,754,普通,ャョ,0,0,0,0,0,0,0,閻
平日,2026/3/14,4,9,890,普通,東岡崎,0814,0814,0819,0820,0836,0837,0841,
平日,2026/3/14,4,10,286,脈思,n,0820,8221,0825,8227,0,0,0,一部特別木
平日,2026/3/14,4,11,842,準急,鳴海,0,0823,0827,0828,0839,0,0,閻
平日,2026/3/14,4,12,844,普通,豊川稲荷,0824,0825,0829,0830,0841,0841,0,名吉屋から急行
平日,2026/3/14,4,13,850,普通,o,0,0,0,0,0,0847,0851,閻
平日,2026/3/14,4,14,802,`快急`,東岡崎,0826,0827,0832,0833,0852,0859,0903,名古屋から智通
平日,2026/3/14,4,15,756,普通,須ケロ,0,0,0,0,0,0,0,
平日,2026/3/14,4,16,,特急,豊橋,0831,0831,0835,0836,0,0,0,一部特別木
平日,2026/3/14,4,17,810,急行,豊橋,0,0838,0842,0843,0857,0857,0,閻
平日,2026/3/14,4,18,846C,津急,知多半田,0,0836,0841,0844,0,0,0,名吉屋から調通
平日,2026/3/14,4,19,,特急,豊橋,0839,0840,0845,0846,0,0,0,一部特別木
平日,2026/3/14,4,20,980,普通,和,0,0,0,0,0,0,0,閻
平日,2026/3/14,5,1,758,普通,彫ョ,0,0,0,0,0,0,0,閻
平日,2026/3/14,5,2,892,普通,`東岡崎,0841,0842,0847,0848,0906,0907,0911,國
平日,2026/3/14,5,3,848F,津急,中部国際空港,0844,0845,0849,0850,0,0,0,閻
平日,2026/3/14,5,4,878,急行,鳴海,0846,0847,0850,0851,0903,0,0,閻
平日,2026/3/14,5,5,288,特急,a,0850,0851,0855,0856,0,0,0,一部特別木
平日,2026/3/14,5,6,862,普通,東岡崎,0853,0854,0858,0859,0920,0923,0928,閻
平日,2026/3/14,5,7,804,`快急,豊川稲荷,0857,0858,0901,0902,0914,0914,0,名吉屋から急行
平日,2026/3/14,5,8,852,普通,須ケロ,0,0,0,0,0,0,0,閻
平日,2026/3/14,5,9,990,普通,東岡崎,0859,0900,0905,0906,0933,0938,0942,閻
平日,2026/3/14,5,10,290,特急,中部国際空港,0901,0902,0906,0907,0,0,0,一部特別車
平日,2026/3/14,5,11,,特急,豊橋,0903,0904,0907,0908,0,0,0,一部特別車
平日,2026/3/14,5,12,9410,準急,e,0906,0907,0911,0912,0922,0922,0925,閻
平日,2026/3/14,5,13,910,る術,豊橋,0911,0912,0916,0917,0927,0931,0,閻
平日,2026/3/14,5,14,854,普通,ャョ,0,0,0,0,0,0,0,閻
平日,2026/3/14,5,15,,快特,豊橋,0915,0916,0920,0921,0,0,0,一部特別車
平日,2026/3/14,5,16,982,普通,呑,0,0,0,0,0,0,0,閻
平日,2026/3/14,5,17,942,普通,吉良田,0920,0921,0925,0926,0936,0936,0,名吉屋から急行
平日,2026/3/14,5,18,992,普通,東岡崎,0922,0923,0928,0929,0948,0948,0952,閻
平日,2026/3/14,5,19,920,急行,豊川稲荷,0927,0927,0931,0932,0943,0947,0,閻
平日,2026/3/14,5,20,856,,ャョ,0,0,0,0,0,0,0,閻
平日,2026/3/14,6,1,292,特急,中部国際空港,0929,9330,0934,9335,0,0,0,一部特別車
平日,2026/3/14,6,2,,特急,豊橋,0931,0932,0935,0936,0,0,0,一部特別車
平日,2026/3/14,6,3,944,普通,e,0,9336,0939,9410,0951,0951,0954,名吉屋から琶急
平日,2026/3/14,6,4,994,普通,東岡崎,0,9328,0942,⑨④①⑧③,1003,1008,1012,閻
平日,2026/3/14,6,5,912,急行,豊橋,0941,0942,0946,0947,0958,1001,0,閻
平日,2026/3/14,6,6,858,普通,彫ョ,0,0,0,0,0,0,0,閻
平日,2026/3/14,6,7,,快特,豊橋,0,9446,0950,9551,0,0,0,一部特別車
平日,2026/3/14,6,8,1080,普通,和,0,0,0,0,0,0,0,閻
平日,2026/3/14,6,9,18,ムS,中部国際空港,0947,0948,0952,0953,0,0,0,全車特別車
平日,2026/3/14,6,10,946,漸会,吉良杏田,0950,0951,0954,9555,1006,1006,0,名古屋から急行
平日,2026/3/14,6,11,996,普通,東岡崎,0952,9553,0958,9559,1018,1018,1022,閻
平日,2026/3/14,6,12,922,急行,国府,0957,0957,1001,1002,1013,1017,0,
平日,2026/3/14,6,13,950,普通,須ケロ,0,0,0,0,0,0,0,閻
平日,2026/3/14,6,14,300,特思,中部国際空淑,0959,1000,1004,1005,0,0,0,一部特別車
平日,2026/3/14,6,15,100,特急,豊橋,1001,1002,1005,1006,0,0,0,一部特別車
平日,2026/3/14,6,16,1040,普通,o,1005,1006,1009,1010,1021,1021,1024,名古屋から準急
平日,2026/3/14,6,17,1090,普通,東岡崎,1007,1008,1012,1013,1033,1038,1042,閻
平日,2026/3/14,6,18,1010,る術,豊橋,1011,1012,1016,1017,1028,1031,0,閻
平日,2026/3/14,6,19,952,普通,須ケロ,0,0,0,0,0,0,0,閻
平日,2026/3/14,6,20,102,快特,豊橋,1015,1016,1020,1021,0,0,0,一部特別車
平日,2026/3/14,7,1,1082,普通,和,0,0,0,0,0,0,0,閻
平日,2026/3/14,7,2,954,普通,`須ケ口,0,0,0,0,0,0,0,國
平日,2026/3/14,7,3,1042,普通,吉良田,1020,1021,1024,1025,1036,1036,0,名吉屋から急行
平日,2026/3/14,7,4,1092,普通,東岡崎,1022,1023,1027,1028,1048,1053,1057,閻
平日,2026/3/14,7,5,302,特急,中部国際空淑,1029,1030,1034,1035,0,0,0,一部特別木
平日,2026/3/14,7,6,104,特急,豊橋,1031,1032,1036,1037,0,0,0,一部特別車
平日,2026/3/14,7,7,1180,普通,呑,0,0,0,0,0,0,0,閻
平日,2026/3/14,7,8,1044,混思,o,1034,1035,1039,1040,1050,1051,1054,閻
平日,2026/3/14,7,9,1094,普通,東岡崎,1036,1037,1042,1043,1103,1108,1112,閻
平日,2026/3/14,7,10,1012,る術,豊橋,1040,1041,1046,1047,1058,1101,0,閻
平日,2026/3/14,7,11,956,普通,須ケロ,0,0,0,0,0,0,0,閻
平日,2026/3/14,7,12,106,快特,豊橋,1045,1046,1050,1051,0,0,0,一部特別車
平日,2026/3/14,7,13,1050,普通,宇d,0,0,0,0,0,0,0,閻
平日,2026/3/14,7,14,1046,普通,吉良田,1050,1051,1054,1055,1106,1106,0,名吉屋から急行
平日,2026/3/14,7,15,1096,普通,東岡崎,1052,1053,1057,1058,1118,1123,1127,閻
平日,2026/3/14,7,16,310,特急,中部国際空港,1059,1100,1104,1105,0,0,0,一部特別車
平日,2026/3/14,7,17,O,特急,豊橋,1101,1102,1106,1107,0,0,0,一部特別車
平日,2026/3/14,7,18,1182,普通,呑,0,0,0,0,0,0,0,閻
平日,2026/3/14,7,19,1140,準急,o,1104,1105,1109,1110,1120,1121,1124,閻
平日,2026/3/14,7,20,90,,東岡崎,1106,1107,1112,1113,1133,1138,1142,閻
平日,2026/3/14,8,1,0,体行,談,1110,1111,1116,1117,1128,1131,0,閻
平日,2026/3/14,8,2,1052,普通,ャョ,0,0,0,0,0,0,0,閻
平日,2026/3/14,8,3,12,快特,豊橋,0,1116,1120,1121,0,0,0,一部特別車
平日,2026/3/14,8,4,1054,普通,ャg,0,0,0,0,0,0,0,閻
平日,2026/3/14,8,5,1142,普通,吉良田,1120,1121,1124,1125,1136,1136,0,名吉屋から急行
平日,2026/3/14,8,6,1192,普通,東岡崎,1122,1123,1127,1128,1148,1153,1157,閻
平日,2026/3/14,8,7,312,特急,中部国際空港,1129,1130,1134,1135,0,0,0,一部特別車
平日,2026/3/14,8,8,4,特急,豊橋,1131,1132,1136,1137,0,0,0,一部特別車
平日,2026/3/14,8,9,1280,普通,伊奈,0,0,0,0,0,0,0,
平日,2026/3/14,8,10,4,漸会,國,1134,1135,1139,1140,1150,1151,1154,閻
平日,2026/3/14,8,11,1194,普通,東岡崎,1136,1137,1142,1143,1203,1208,1212,閻
平日,2026/3/14,8,12,1112,急行,豊橋,1140,1141,1146,0114,1158,1201,0,
平日,2026/3/14,8,13,1056,普通,須ケロ,0,0,0,0,0,0,0,閻
平日,2026/3/14,8,14,16,快特,豊橋,1145,1146,1150,1151,0,0,0,一部特別車
平日,2026/3/14,8,15,1150,普通,須ケロ,0,0,0,0,0,0,0,
平日,2026/3/14,8,16,1146,普通,吉良木田,1150,1151,1154,1155,1206,1206,0,名古屋から急行
平日,2026/3/14,8,17,1196,普通,東岡崎,1152,1153,1157,1158,1218,1223,1227,閻
平日,2026/3/14,8,18,320,特急,中部国際空港,1159,1200,1204,1205,0,0,0,一部特別車
平日,2026/3/14,8,19,120,特急,豊橋,1201,1202,1206,1207,0,0,0,一部特別木
平日,2026/3/14,8,20,1282,普通,和,0,0,0,0,0,0,0,閻
平日,2026/3/14,9,1,1240,湯思,e,1204,1205,1209,1210,1220,1221,1224,閻
平日,2026/3/14,9,2,1290,普通,`東岡崎,1206,1207,1212,1213,1233,1238,1242,國
平日,2026/3/14,9,3,1210,急行,豊橋,1210,1211,1216,1217,1228,1231,0,閻
平日,2026/3/14,9,4,1152,普通,彫ョ,0,0,0,0,0,0,0,閻
平日,2026/3/14,9,5,122,快特,豊橋,1215,1216,1220,1221,0,0,0,一部特別木
平日,2026/3/14,9,6,1154,普通,彫ョ,0,0,0,0,0,0,0,閻
平日,2026/3/14,9,7,1242,普通,吉良団,1220,1221,1224,1225,1236,1236,0,名吉屋から急行
平日,2026/3/14,9,8,1292,普通,東岡崎,0,1223,1227,1228,1248,1253,1257,閻
平日,2026/3/14,9,9,322,特急,中部国際空淑,1229,1230,1234,1235,0,0,0,一部特別車
平日,2026/3/14,9,10,124,特急,豊橋,1231,1232,1236,1237,0,0,0,一部特別車
平日,2026/3/14,9,11,1380,普通,和,0,0,0,0,0,0,0,閻
平日,2026/3/14,9,12,1244,準急,e,1234,1235,1239,1240,1250,1251,1254,閻
平日,2026/3/14,9,13,1294,普通,東岡崎,1236,1237,1242,1248,1303,1308,1312,閻
平日,2026/3/14,9,14,1212,急行,豊橋,1240,1241,1246,1247,1258,1301,0,閻
平日,2026/3/14,9,15,1156,普通,彫ョ,0,0,0,0,0,0,0,閻
平日,2026/3/14,9,16,126,快特,豊橋,1245,1246,1250,1251,0,0,0,一部特別車
平日,2026/3/14,9,17,1250,普通,ャョ,0,0,0,0,0,0,0,閻
平日,2026/3/14,9,18,1246,普通,吉良団,1250,1251,1254,1255,1306,1306,0,名吉屋から急行
平日,2026/3/14,9,19,1296,普通,東岡崎,1252,1253,1257,1258,1318,1323,1327,閻
平日,2026/3/14,9,20,330,特急,中部国際空港,1259,1300,1304,1305,0,0,0,一部特別車
平日,2026/3/14,10,1,180,特急,豊橋,1301,1302,1306,1307,0,0,0,一部特別車
平日,2026/3/14,10,2,1382,普通,和,0,0,0,0,0,0,0,閻
平日,2026/3/14,10,3,1340,準急,e,1304,1305,1309,1310,1320,1321,1324,閻
平日,2026/3/14,10,4,1390,普通,東岡崎,1306,1307,1312,1313,1333,1338,1342,閻
平日,2026/3/14,10,5,1310,急行,豊橋,1310,1311,1316,1317,1328,1331,0,閻
平日,2026/3/14,10,6,1252,普通,彫ョ,0,0,0,0,0,0,0,閻
平日,2026/3/14,10,7,182,快特,豊橋,1315,1316,1320,1321,0,0,0,一部特別車
平日,2026/3/14,10,8,1254,普通,ャョ,0,0,0,0,0,0,0,閻
平日,2026/3/14,10,9,1342,普通,吉良希田,1320,1321,1324,1325,1336,1336,0,名吉屋から急行
平日,2026/3/14,10,10,1892,普通,東岡崎,1322,1323,1327,1328,1348,1353,1357,閻
平日,2026/3/14,10,11,332,特急,中部国際空港,1329,1330,1334,1335,0,0,0,一部特別車
平日,2026/3/14,10,12,134,特急,豊橋,1331,1332,1336,1337,0,0,0,一部特別車
平日,2026/3/14,10,13,1480,普通,和,0,0,0,0,0,0,0,閻
平日,2026/3/14,10,14,1344,漸忠,論,1334,1335,1339,1340,1350,1351,1354,閻
平日,2026/3/14,10,15,1394,普通,東岡崎,1336,1337,1342,1343,1403,1408,1412,
平日,2026/3/14,10,16,1312,急行,豊橋,1340,1341,1346,1347,1358,1401,0,閻
平日,2026/3/14,10,17,1256,普通,彫ョ,0,0,0,0,0,0,0,閻
平日,2026/3/14,10,18,186,快特,豊橋,1345,1346,1350,1351,0,0,0,一部特別車
平日,2026/3/14,10,19,1350,普通,須ケロ,0,0,0,0,0,0,0,閻
平日,2026/3/14,10,20,1346,普通,吉良団,1350,1351,1354,1355,1406,1406,0,名吉屋から急行
平日,2026/3/14,11,1,1396,普通,東岡崎,1352,1353,1357,1358,1418,1423,1427,閻
平日,2026/3/14,11,2,3410,特怜,中部国際空港,1359,1400,1404,1405,0,0,0,一部特別木
平日,2026/3/14,11,3,140,特急,豊橋,1401,1402,1406,1407,0,0,0,一部特別車
平日,2026/3/14,11,4,1482,普通,和,0,0,0,0,0,0,0,閻
平日,2026/3/14,11,5,1440,混思,o,1404,1405,1409,1410,1420,1421,1424,閻
平日,2026/3/14,11,6,1490,普通,東岡崎,1406,1407,1412,1413,1433,1438,1442,閻
平日,2026/3/14,11,7,1410,る術,豊橋,1410,1411,1416,1417,1428,1431,0,閻
平日,2026/3/14,11,8,1352,普通,須ケロ,0,0,0,0,0,0,0,閻
平日,2026/3/14,11,9,14,快特,豊橋,0,1416,1420,1421,0,0,0,一部特別車
平日,2026/3/14,11,10,1354,普通,宇d,0,0,0,0,0,0,0,閻
平日,2026/3/14,11,11,1442,普通,吉良田,1420,1421,1424,1425,1436,1436,0,名吉屋から急行
平日,2026/3/14,11,12,1492,普通,東岡崎,1422,1423,1427,1428,1448,1453,1457,閻
平日,2026/3/14,11,13,312,特怜,中部国際空港,1429,1430,1434,1435,0,0,0,一部特別車
平日,2026/3/14,11,14,144,特急,豊橋,1431,1432,1436,1437,0,0,0,一部特別車
平日,2026/3/14,11,15,1580,普通,和,0,0,0,0,0,0,0,閻
平日,2026/3/14,11,16,1444,普通,e,1434,1435,1439,1440,1451,1451,1454,名吉屋から準急
平日,2026/3/14,11,17,1494,普通,東岡崎,1436,1437,1442,1443,1503,1508,1512,閻
平日,2026/3/14,11,18,1412,る行,豊橋,1440,1441,1446,1447,1458,1501,0,閻
平日,2026/3/14,11,19,1356,普通,須ケロ,0,0,0,0,0,0,0,閻
平日,2026/3/14,11,20,146,快特,豊橋,1445,1446,1450,1451,0,0,0,一部特別車
平日,2026/3/14,12,1,1450,,宇d,0,0,0,0,0,0,0,閻
平日,2026/3/14,12,2,1446,準急,吉良田,1450,1451,1454,1455,1506,1506,0,名吉屋から急行
平日,2026/3/14,12,3,1496,普通,東岡崎,1452,1453,1457,1458,1518,1523,1527,閻
平日,2026/3/14,12,4,350,特急,中部国際空港,1459,1500,1504,1505,0,0,0,一部特別車
平日,2026/3/14,12,5,150,特急,豊橋,1501,1502,1506,1507,0,0,0,一部特別車
平日,2026/3/14,12,6,1582,普通,健,0,0,0,0,0,0,0,閻
平日,2026/3/14,12,7,1540,普通,e,1504,1505,1509,1510,1521,1521,1524,名吉屋から準急
平日,2026/3/14,12,8,1590,普通,東岡崎,1506,1507,1512,1513,1533,1538,1542,閻
平日,2026/3/14,12,9,1510,急行,豊橋,1510,1511,1516,1517,1528,1531,0,
平日,2026/3/14,12,10,1452,普通,須ケロ,0,0,0,0,0,0,0,閻
平日,2026/3/14,12,11,152,快特,豊橋,0,1516,1520,1521,0,0,0,一部特別車
平日,2026/3/14,12,12,1584,普通,伊奈,0,0,0,0,0,0,0,
平日,2026/3/14,12,13,1542,湯思,吉良木田,1520,1521,1524,1525,1536,1536,0,名古屋から急行
平日,2026/3/14,12,14,1592,,東岡崎,1522,1523,1527,1528,1548,1548,1552,閻
平日,2026/3/14,12,15,1520,急行,豊川稲荷,1527,1528,1531,1532,1543,1546,0,恵岡崎から準急
平日,2026/3/14,12,16,1454,普通,須ケロ,0,0,0,0,0,0,0,閻
平日,2026/3/14,12,17,352,特急,中部国際空淑,1529,1530,1534,1535,0,0,0,一部特別車
平日,2026/3/14,12,18,154,特急,豊橋,1531,1532,1536,1537,0,0,0,一部特別車
平日,2026/3/14,12,19,1544,普通,o,1534,1535,1539,1540,1551,1552,1554,名古屋から準急
平日,2026/3/14,12,20,1594,普通,東岡崎,1536,1537,1542,1543,1603,1608,1612,閻
平日,2026/3/14,13,1,1512,急行,豊橋,1540,1541,1546,1547,1558,1601,0,閻
平日,2026/3/14,13,2,1456,普通,`須ケ口,0,0,0,0,0,0,0,國
平日,2026/3/14,13,3,156,快特,豊橋,1545,1546,1550,1551,0,0,0,一部特別車
平日,2026/3/14,13,4,1680,普通,和,0,0,0,0,0,0,0,閻
平日,2026/3/14,13,5,1546,混思,吉良木田,1550,1551,1554,1555,1606,1606,0,名古屋から急行
平日,2026/3/14,13,6,1596,普通,東岡崎,1552,1553,1557,1558,1618,1618,1622,閻
平日,2026/3/14,13,7,1522,る術,豊川稲荷,1557,1558,1601,1602,1613,1616,0,東岡崎から準急
平日,2026/3/14,13,8,1550,普通,須ケロ,0,0,0,0,0,0,0,閻
平日,2026/3/14,13,9,360,特急,中部国際空淑,1559,1600,1604,1605,0,0,0,一部特別車
平日,2026/3/14,13,10,160,特急,豊橋,1601,1602,1606,1607,0,0,0,一部特別車
平日,2026/3/14,13,11,1640,普通,o,1604,1605,1609,1610,1621,1622,1624,名吉屋から準急
平日,2026/3/14,13,12,1690,普通,東岡崎,1606,1607,1612,1613,1633,1637,1641,閻
平日,2026/3/14,13,13,1610,る術,豊橋,1610,1611,1616,1617,1628,1631,0,閻
平日,2026/3/14,13,14,1552,普通,ャョ,0,0,0,0,0,0,0,閻
平日,2026/3/14,13,15,162,快特,豊橋,0,1616,1620,1621,0,0,0,一部特別車
平日,2026/3/14,13,16,1682,普通,呑,0,0,0,0,0,0,0,閻
平日,2026/3/14,13,17,1642,準思,吉良田,1620,1621,1624,1625,1636,1636,0,名吉屋から急行
平日,2026/3/14,13,18,1692,普通,東岡崎,1622,1623,1628,1629,1648,1648,1652,閻
平日,2026/3/14,13,19,1620,急行,豊川稲荷,0,1628,1631,1632,1643,1646,0,東岡崎から準急
平日,2026/3/14,13,20,1554,,ャョ,0,0,0,0,0,0,0,閻
平日,2026/3/14,14,1,362,特急,中部国際空港,1629,1630,1633,1635,0,0,0,一部特別車
平日,2026/3/14,14,2,164,特急,豊橋,1631,1632,1635,1636,0,0,0,一部特別車
平日,2026/3/14,14,3,1644,普通,e,0,1636,1640,1641,1651,1652,1654,名吉屋から琶急
平日,2026/3/14,14,4,1694,普通,東岡崎,0,1638,1643,1644,1703,1707,1711,閻
平日,2026/3/14,14,5,1612,急行,豊橋,1641,1642,1646,1647,1658,1701,0,閻
平日,2026/3/14,14,6,1556,普通,彫ョ,0,0,0,0,0,0,0,閻
平日,2026/3/14,14,7,166,快特,豊橋,1645,1646,1649,1651,0,0,0,一部特別車
平日,2026/3/14,14,8,1780,普通,和,0,0,0,0,0,0,0,閻
平日,2026/3/14,14,9,1646,準急,吉良希田,1650,1650,1654,1655,1706,1706,0,名吉屋から急行
平日,2026/3/14,14,10,1696,普通,東岡崎,1652,1653,1658,1659,1718,1718,1722,閻
平日,2026/3/14,14,11,1622,急行,豊川稲荷,1657,1658,1701,1702,1713,1716,0,平岡崎から準急
平日,2026/3/14,14,12,1650,普通,須ケロ,0,0,0,0,0,0,0,
平日,2026/3/14,14,13,370,特急,中部国際空淑,1659,1700,1703,1705,0,0,0,一部特別木
平日,2026/3/14,14,14,170,特思,豊橋,1701,1702,1705,1706,0,0,0,一部特別車
平日,2026/3/14,14,15,1740,普通,豊明,1705,1706,1710,1711,1721,1722,1724,名吉屋から準急
平日,2026/3/14,14,16,1790,普通,東岡崎,1707,1708,1713,1714,1733,1737,1741,閻
平日,2026/3/14,14,17,1710,急行,豊橋,1711,1712,1716,1717,1728,1731,0,閻
平日,2026/3/14,14,18,1652,普通,宇d,0,0,0,0,0,0,0,閻
平日,2026/3/14,14,19,172,快暁,豊橋,1715,1716,1719,1721,0,0,0,一部特別木
平日,2026/3/14,14,20,1782,普通,和,0,0,0,0,0,0,0,閻
平日,2026/3/14,15,1,1742,湯思,吉良団,1720,1720,1724,1725,1735,1736,0,名吉屋から急行
平日,2026/3/14,15,2,1792,普通,`東岡崎,1722,1723,1728,1729,1748,1748,1752,國
平日,2026/3/14,15,3,1720,急行,豊川稲荷,1727,1728,1731,1732,1743,1746,0,東岡崎から準急
平日,2026/3/14,15,4,1654,普通,彫ョ,0,0,0,0,0,0,0,閻
平日,2026/3/14,15,5,372,特急,中部国際空淑,1729,1730,1733,1735,0,0,0,一部特別木
平日,2026/3/14,15,6,4,特急,豊橋,1731,1732,1735,1786,0,0,0,一部特別車
平日,2026/3/14,15,7,1744,普通,e,1735,1736,1740,1741,1751,1752,1754,名吉屋から準急
平日,2026/3/14,15,8,1794,普通,東岡崎,1737,1738,1743,1744,1803,1807,1811,閻
平日,2026/3/14,15,9,1712,急行,豊橋,1741,1742,1746,1747,1758,1801,0,閻
平日,2026/3/14,15,10,1656,普通,宇d,0,0,0,0,0,0,0,閻
平日,2026/3/14,15,11,176,快特,豊橋,1745,1746,1749,1751,0,0,0,一部特別車
平日,2026/3/14,15,12,1880,普通,和,0,0,0,0,0,0,0,閻
平日,2026/3/14,15,13,1746,津急,吉良団,1750,1750,1754,1755,1805,1806,0,名吉屋から急行
平日,2026/3/14,15,14,1796,普通,東岡崎,1752,1753,1758,1759,1818,1818,1822,閻
平日,2026/3/14,15,15,1722,急行,豊川稲荷,1757,1758,1801,1802,1813,1816,0,亨岡崎から準急
平日,2026/3/14,15,16,1750,普通,宇d,0,0,0,0,0,0,0,閻
平日,2026/3/14,15,17,380,特急,中部国際空港,1759,1800,1803,1805,0,0,0,一部特別車
平日,2026/3/14,15,18,180,特急,豊橋,1801,1802,1805,1806,0,0,0,一部特別車
平日,2026/3/14,15,19,1840,普通,o,1805,1806,1810,1811,1821,1822,1824,名古屋から準急
平日,2026/3/14,15,20,1890,,東岡崎,1807,1808,1813,1814,1833,1837,1841,閻
平日,2026/3/14,16,1,1810,体行,談,1811,1812,1816,1817,1828,1831,0,閻
平日,2026/3/14,16,2,1752,普通,ャョ,0,0,0,0,0,0,0,閻
平日,2026/3/14,16,3,182,快特,豊橋,0,1816,1819,1821,0,0,0,一部特別車
平日,2026/3/14,16,4,1882,普通,呑,0,0,0,0,0,0,0,閻
平日,2026/3/14,16,5,1842,準急,吉良田,0,1820,1824,1825,1835,1836,0,名吉屋から急行
平日,2026/3/14,16,6,1892,普通,東岡崎,1822,1823,1828,1829,1848,1848,1852,閻
平日,2026/3/14,16,7,1820,思行,豊川稲荷,1827,1828,1831,1832,1843,1846,0,東岡崎から準急
平日,2026/3/14,16,8,1754,普通,ャョ,0,0,0,0,0,0,0,閻
平日,2026/3/14,16,9,382,特急,中部国際空港,1829,1830,1833,1835,0,0,0,一部特別車
平日,2026/3/14,16,10,184,脈思,豊橋,1831,1832,1835,1836,0,0,0,一部特別木
平日,2026/3/14,16,11,1844,普通,o,1835,1836,1840,1841,1851,1852,1854,名吉屋から塔急
平日,2026/3/14,16,12,1894,普通,東岡崎,1837,1838,1843,1844,1903,1907,1911,
平日,2026/3/14,16,13,1812,急行,豊橋,1841,1842,1846,1847,1858,1901,0,閻
平日,2026/3/14,16,14,1756,,彫ョ,0,0,0,0,0,0,0,閻
平日,2026/3/14,16,15,186,快特,豊橋,1845,1846,1849,1851,0,0,0,一部特別車
平日,2026/3/14,16,16,1980,普通,和,0,0,0,0,0,0,0,閻
平日,2026/3/14,16,17,1846,湯思,吉良団,1850,1850,1854,1855,1905,1906,0,名吉屋から急行
平日,2026/3/14,16,18,1896,普通,東岡崎,1852,1853,1858,1859,1918,1918,1922,閻
平日,2026/3/14,16,19,1822,急行,豊川稲荷,1857,1858,1901,1902,1913,1916,0,東岡崎から準急
平日,2026/3/14,16,20,1850,普通,彫ョ,0,0,0,0,0,0,0,閻
平日,2026/3/14,17,1,390,特怜,中部国際空港,1859,1900,1903,1905,0,0,0,一部特別車
平日,2026/3/14,17,2,190,特怜,`豊橋,1901,1902,1905,1906,0,0,0,一部特別木
平日,2026/3/14,17,3,1940,普通,o,1905,1906,1910,1911,1921,1922,1924,名吉屋から準急
平日,2026/3/14,17,4,1990,普通,東岡崎,1907,1908,1913,1914,1933,1937,1941,閻
平日,2026/3/14,17,5,1910,急行,豊橋,1911,1912,1916,1917,1928,1931,0,閻
平日,2026/3/14,17,6,1852,普通,ャョ,0,0,0,0,0,0,0,閻
平日,2026/3/14,17,7,192,快特,豊橋,1915,1916,1919,1921,0,0,0,一部特別車
平日,2026/3/14,17,8,1982,普通,和,0,0,0,0,0,0,0,閻
平日,2026/3/14,17,9,1942,準急,吉良団,0,1920,1924,1925,1935,1936,0,名吉屋から急行
平日,2026/3/14,17,10,1992,普通,東岡崎,0,1923,1928,1929,1948,1948,1952,閻
平日,2026/3/14,17,11,1920,急行,豊川稲荷,1927,1928,1931,1932,1943,1946,0,東岡崎から準急
平日,2026/3/14,17,12,1854,普通,彫ョ,0,0,0,0,0,0,0,閻
平日,2026/3/14,17,13,392,特怜,中部国際空港,1929,1930,1933,1935,0,0,0,一部特別車
平日,2026/3/14,17,14,194,特急,豊橋,1931,1932,1935,1936,0,0,0,一部特別車
平日,2026/3/14,17,15,1944,普通,e,0,1936,1940,1941,1951,1952,1954,名吉屋から琶急
平日,2026/3/14,17,16,1994,普通,東岡崎,0,1938,1943,1944,2003,2007,2011,閻
平日,2026/3/14,17,17,1912,急行,豊橋,1941,1942,1946,1947,1958,2001,0,閻
平日,2026/3/14,17,18,1856,普通,宇d,0,0,0,0,0,0,0,閻
平日,2026/3/14,17,19,196,快特,豊橋,1945,1946,1949,1951,0,0,0,一部特別木
平日,2026/3/14,17,20,2080,,和,0,0,0,0,0,0,0,閻
平日,2026/3/14,18,1,58,S,中部国際空港,1947,1948,1952,1953,0,0,0,全車特別車
平日,2026/3/14,18,2,1946,準急,吉良田,1950,1950,1954,1955,2005,2006,0,名吉屋から急行
平日,2026/3/14,18,3,1996,普通,東岡崎,1952,1953,1958,1959,2018,2018,2022,閻
平日,2026/3/14,18,4,1922,思行,豊川稲荷,1957,1958,2001,2002,2013,2016,0,東岡崎から準急
平日,2026/3/14,18,5,1950,普通,ャョ,0,0,0,0,0,0,0,閻
平日,2026/3/14,18,6,400,特急,中部国隠空港,1959,2000,2003,2004,0,0,0,一部特別車
平日,2026/3/14,18,7,200,特急,豊橋,2001,2002,2005,2006,0,0,0,一部特別車
平日,2026/3/14,18,8,2040,普通,o,2005,2006,2010,2011,2021,2022,2024,名吉屋から塔急
平日,2026/3/14,18,9,2090,普通,東岡崎,2007,2008,2013,2014,2033,2037,2041,
平日,2026/3/14,18,10,2010,る行,豊橋,2011,2012,2016,2017,2028,2031,0,閻
平日,2026/3/14,18,11,1952,普通,ャョ,0,0,0,0,0,0,0,閻
平日,2026/3/14,18,12,202,快特,豊橋,2015,2016,2020,2021,0,0,0,一部特別車
平日,2026/3/14,18,13,2082,普通,和,0,0,0,0,0,0,0,閻
平日,2026/3/14,18,14,2042,漸忠,吉良昌田,0,2020,2024,2025,2035,2036,0,名吉屋から急行
平日,2026/3/14,18,15,2092,普通,東岡崎,2022,2023,2028,2029,2048,2048,2052,
平日,2026/3/14,18,16,2020,急行,豊川稲荷,0,2028,2031,2032,2043,2046,0,東岡崎から準急
平日,2026/3/14,18,17,1954,普通,彫ョ,0,0,0,0,0,0,0,閻
平日,2026/3/14,18,18,402,特急,中部国際空港,2029,2030,2033,2034,0,0,0,一部特別車
平日,2026/3/14,18,19,204,特急,豊橋,2031,2032,2035,2036,0,0,0,一部特別木
平日,2026/3/14,18,20,2044,普通,e,0,2036,2040,2041,2051,2052,2054,名吉屋から塔急
平日,2026/3/14,19,1,2094,普通,e,0,2038,2043,2044,2103,2107,0211,閻
平日,2026/3/14,19,2,2012,急行,`豊橋,0,2042,2046,2047,2058,2101,0,國
平日,2026/3/14,19,3,1956,普通,ャョ,0,0,0,0,0,0,0,閻
平日,2026/3/14,19,4,206,快特,豊橋,2045,2046,2050,2051,0,0,0,一部特別車
平日,2026/3/14,19,5,2180,普通,和,0,0,0,0,0,0,0,閻
平日,2026/3/14,19,6,462,⑧,中部国際空淑,2047,2048,2052,2053,0,0,0,全車特別車
平日,2026/3/14,19,7,2046,津急,吉良団,2050,2050,2054,2055,2105,2106,0,名吉屋から急行
平日,2026/3/14,19,8,2096,普通,東岡崎,2052,2053,2058,2059,2118,2118,2122,閻
平日,2026/3/14,19,9,2022,急行,豊川稲荷,0,2058,2101,2102,2113,2116,0,亨岡崎から塗急
平日,2026/3/14,19,10,2050,普通,宇d,0,0,0,0,0,0,0,閻
平日,2026/3/14,19,11,40,特急,中部国際空淑,2059,2100,2103,2104,0,0,0,一部特別車
平日,2026/3/14,19,12,210,特急,豊橋,2101,2102,2105,2106,0,0,0,一部特別車
平日,2026/3/14,19,13,2140,普通,e,0,2106,2110,2111,2121,2122,2124,名吉屋から準急
平日,2026/3/14,19,14,2190,普通,o,2107,2108,2113,2114,2133,2137,2141,閻
平日,2026/3/14,19,15,2110,急行,豊橋,2111,2112,2116,2117,2128,2131,0,閻
平日,2026/3/14,19,16,2052,普通,宇d,0,0,0,0,0,0,0,閻
平日,2026/3/14,19,17,212,快特,豊橋,2115,2116,2120,2121,0,0,0,一部特別車
平日,2026/3/14,19,18,2182,普通,呑,0,0,0,0,0,0,0,閻
平日,2026/3/14,19,19,2142,準急,吉良木田,0,2120,2124,2125,2135,2136,0,名古屋から急行
平日,2026/3/14,19,20,2192,,東岡崎,0,2123,2128,2129,2148,2148,2152,閻
平日,2026/3/14,20,1,2120,体行,豊川稲荷,2127,2128,2131,2132,2143,2146,0,東岡崎から準急
平日,2026/3/14,20,2,2054,普通,ャョ,0,0,0,0,0,0,0,閻
平日,2026/3/14,20,3,42,特急,中部国隠空港,2129,2130,2133,2134,0,0,0,一部特別車
平日,2026/3/14,20,4,214,特急,豊橋,2131,2132,2135,2136,0,0,0,一部特別車
平日,2026/3/14,20,5,2144,普通,o,2135,2136,2140,2141,2151,2152,2154,名吉屋から準急
平日,2026/3/14,20,6,2194,普通,e,2137,2138,2143,2144,2203,2207,2211,閻
平日,2026/3/14,20,7,2122,思行,呑,0,2142,2146,2147,2158,2201,0,閻
平日,2026/3/14,20,8,216,快特,豊橋,2145,2146,2150,2151,0,0,0,一部特別車
平日,2026/3/14,20,9,2280,普通,伊奈,0,0,0,0,0,0,0,
平日,2026/3/14,20,10,2146,漸会,西尾,2150,2150,2154,2155,2205,2206,0,名古屋から急行
平日,2026/3/14,20,11,2196,普通,東岡崎,2152,2153,2158,2159,2218,2218,2222,閻
平日,2026/3/14,20,12,2124,急行,豊川稲荷,2157,2158,2201,2202,2213,2216,0,亨岡崎から準急
平日,2026/3/14,20,13,2150,普通,須ケロ,0,0,0,0,0,0,0,閻
平日,2026/3/14,20,14,420,特思,中部国際空淑,2159,2200,2203,2204,0,0,0,一部特別車
平日,2026/3/14,20,15,220,特急,豊橋,2201,2202,2205,2206,0,0,0,一部特別車
平日,2026/3/14,20,16,2260C,普通,神和,0,2205,2210,2211,0,0,0,閻
平日,2026/3/14,20,17,2290,普通,e,0,2208,2213,2214,2233,2233,2237,閻
平日,2026/3/14,20,18,2220,る術,呑,0,2212,2216,2217,2228,2231,0,閻
平日,2026/3/14,20,19,222,特急,豊橋,2215,2216,2219,2220,0,0,0,一部特別木
平日,2026/3/14,20,20,2282,普通,和,0,0,0,0,0,0,0,閻
平日,2026/3/14,21,1,2292,普通,東岡崎,0,2222,2227,2228,2247,2248,2252,閻
平日,2026/3/14,21,2,2222,急行,囲,0,2228,2231,2232,2243,2246,0,國
平日,2026/3/14,21,3,2152,普通,ャョ,0,0,0,0,0,0,0,閻
平日,2026/3/14,21,4,224,特怜,東岡崎,談③縄,2232,2235,2236,0,0,0,一部特別車
平日,2026/3/14,21,5,2262G,普通,太田川,0,2234,2239,2240,0,0,0,閻
平日,2026/3/14,21,6,2294,普通,新安城,0,2236,2240,2241,2259,2306,2310,閻
平日,2026/3/14,21,7,226,特急,豊橋,2242,2243,2246,2247,0,0,0,一部特別車
平日,2026/3/14,21,8,2224,急行,和,0,2249,2253,2254,2304,2304,0,閻
平日,2026/3/14,21,9,2296,普通,e,0,2252,2257,2258,2315,2319,2323,閻
平日,2026/3/14,21,10,20,快特,豊橋,2259,2300,2303,2304,0,0,0,一部特別車
平日,2026/3/14,21,11,2380,普通,国府,0,0,0,0,0,0,0,閻
平日,2026/3/14,21,12,2340,急行,西尾,2302,2303,2306,2307,2317,2318,0,閻
平日,2026/3/14,21,13,2350G,普通,家常滑,2308,2309,2314,2315,0,0,0,閻
平日,2026/3/14,21,14,2320,混思,東岡崎,2310,2311,2315,2316,2327,2333,2336,閻
平日,2026/3/14,21,15,456,特急,河和,2316,2317,2321,2322,0,0,0,一部特別車
平日,2026/3/14,21,16,232,特急,唐,2318,2319,2322,2323,0,0,0,一部特別車
平日,2026/3/14,21,17,2390,普通,新安城,0,2321,2326,2327,2341,2349,2353,閻
平日,2026/3/14,21,18,2322,る行,東岡崎,0,2328,2331,2332,2343,2343,0,知立から[
平日,2026/3/14,21,19,2250,普通,須ケロ,0,0,0,0,0,0,0,閻
平日,2026/3/14,21,20,234,特急,国府,0,2335,2338,2339,0,0,0,一部特別車
平日,2026/3/14,22,1,2324,体行,ae,0,2340,2343,2344,2355,0,0,閻
平日,2026/3/14,22,2,2352,普通,談,0,0,0,0,0,0,0,閻
平日,2026/3/14,22,3,2392,普通,鳴海,0,2337,2342,2346,0001,0,0,閻
平日,2026/3/14,22,4,2360G,普通,Aml,0,2343,2348,2349,0,0,0,閻
平日,2026/3/14,22,5,2342,準急,o,0,2349,2352,2353,0003,0004,0006,閻
平日,2026/3/14,22,6,2372,急行,鳴海,2354,2355,2358,2359,0012,0,0,閻
平日,2026/3/14,22,7,498,特急,東岡崎,0,2357,0001,0002,0,0,0,全車一般車
平日,2026/3/14,22,8,2326A,準急,知多半田,0,2359,0003,0004,0,0,0,名吉屋から急行
平日,2026/3/14,22,9,2490,普通,鳴海,2400,0001,0005,0006,0021,0,0,
平日,2026/3/14,22,10,2420,る行,閉,0006,0006,0010,0,0,0,0,閻
平日,2026/3/14,22,11,2392,普通,羽島市役所前,0,0,0,0,0,0,0,閻
平日,2026/3/14,22,12,,,,0,0,0,0,0,0,0,
平日,2026/3/14,22,13,,,,0,0,0,0,0,0,0,閻
平日,2026/3/14,22,14,,,,0,0,0,0,0,0,0,閻
平日,2026/3/14,22,15,,,,0,0,0,0,0,0,0,
平日,2026/3/14,22,16,,,,0,0,0,0,0,0,0,閻
平日,2026/3/14,22,17,,,,0,0,0,0,0,0,0,閻
平日,2026/3/14,22,18,,,,0,0,0,0,0,0,0,閻
平日,2026/3/14,22,19,,,,0,0,0,0,0,0,0,閻
平日,2026/3/14,22,20,,,,0,0,0,0,0,0,0,閻
